grade,subject_name,subject_code,institution_type,notes
Grade 8,Mathematics,MATH,both,
Grade 8,Natural Sciences,NS,both,
Grade 8,English Home Language,ENGHL,both,
Grade 8,IsiZulu Home Language,ZULHL,both,
Grade 9,Mathematics,MATH,both,
Grade 10,Mathematics,MATH,both,
Grade 10,Mathematical Literacy,MATHLIT,both,
Grade 10,Physical Sciences,PHYS,both,
Grade 10,Life Sciences,LIFE,both,
Grade 10,Accounting,ACC,both,
Grade 10,Geography,GEO,both,
Grade 10,History,HIST,both,
Grade 11,Physical Sciences,PHYS,both,
Grade 12,Physical Sciences,PHYS,both,
